{"cameraMode":{"drawMode":0,"name":"Shaded","section":"Shading Mode"},"sceneLighting":true,"audioPlay":false,"sceneViewState":{"m_AlwaysRefresh":false,"showFog":true,"showSkybox":true,"showFlares":true,"showImageEffects":true,"showParticleSystems":true,"showVisualEffectGraphs":true,"m_FxEnabled":true},"in2DMode":false,"pivot":{"x":-2.5399208068847658,"y":-7.103925704956055,"z":-30.189464569091798},"rotation":{"x":0.0010879641631618143,"y":-0.9770073890686035,"z":0.2131592184305191,"w":0.004988593515008688},"size":23.96453857421875,"orthographic":false}